tei_facs,book_page,header_text,page_num_text,source,confidence,needs_review,notes,pdf_page,remote_image,raw_ocr
page_images/page-0006.png,,,,metadata_fallback,0.00,true,OCR below threshold or implausible: conf=25.5; raw=ἢ δ eee Yad Py Eyes ἢ,6,"https://iiif.archive.org/image/iiif/3/b23982500_0001%2Fb23982500_0001_jp2.zip%2Fb23982500_0001_jp2%2Fb23982500_0001_0006.jp2/full/1200,/0/default.jpg","ἢ δ eee Yad Py Eyes ἢ
Pete we κυ χὰ ha a tae i aes Wek a
bea Se pate ee ; + Δ, at ah T we # 2 S ΝΜ ee ἀφ ἐν. vet. CY
Ν᾽ ay ig Fee tl Pe ΘΕ ΝΕ Ligh ΔΆ ΤᾺΝ ’ ἐν νῶν thea c Big
ie Oa : ἡ ΝΥ, ae ΔΉ tal ES Rf if Ky gt EE Ger be
Kage heey ἀμ βδ νυν Bir gs oe ΤΠ ARTO PND NG ie OT 8 ΣΌΔΝΣ A in MRR RU τ
Baths ταν δ εν ΜΝ Bea a. eee item Mer ae TU eas ae BL ak aba, OLAS I Baia PRP Pm. «ὃν
i Ἦν Ἦ te? ee ΑΝ δύ WATS sy ? νι γι"" τ ας uP 4 » at cs Tata ΜΝ «ἢ ἃ er ἫΝ
Peery te on BX"", ΑΨ Ne ΩΝ ΝΑ te eg UO he cain ΣΝ At ate
ee Selec ities anes hee A Ce MAD ΑΝ ΡΨ ΟΝ ΠΥ tee Apt 4 IAN fn AG Pale SAE a
Biss ate Mey ae aN ea ie Mee uae
OO RANA TE Neue ton, NR ed Fe W Soe WM δ τὴ Ασα. Ἐπ ee? Fae e gi acy iyAe Stal °
oy. δηλιϑνς ἐν PeL ena ono ali AR Vth ae ib See ἐπ δος ΣΝ as Ἂ bi die Saal ᾽ν
ν δ ἜΝ oe ity he % ἬΝ bs aes rant, hd a ¢ ΔΑ, . Ores vi ΚΑΙ bets 1 DA EINES ts ΓΩΝ ἱ woe be ai
int get. a sh eT N.S NAC TE γα νον Mera ΤΗΝ δι ΡΩΝ Ae)
τ ne eae ei yy ah Ἢ5 1 1 8 1 8 703 333 97 35 0.000000 γεν.5 1 1 8 1 9 863 346 43 22 42.632462 NP5 1 1 8 1 10 942 351 73 17 42.136017 Ὁ5 1 1 8 1 11 1120 357 90 11 22.727730 ae3 1 1 9 0 0 5 316 705 52 -1 4 1 1 9 1 0 5 316 705 52 -1 5 1 1 9 1 1 5 316 235 52 18.456436 ΑΝ5 1 1 9 1 2 268 337 131 31 27.729179 Near5 1 1 9 1 3 465 353 11 15 12.659790 Oi!5 1 1 9 1 4 533 312 28 56 26.389114 ol5 1 1 9 1 5 586 356 124 12 24.019058 Bir"
page_images/page-0031.png,XXVII,,XXVII,metadata_fallback,0.00,true,OCR below threshold or implausible: conf=8.3; raw=ne,31,"https://iiif.archive.org/image/iiif/3/b23982500_0001%2Fb23982500_0001_jp2.zip%2Fb23982500_0001_jp2%2Fb23982500_0001_0031.jp2/full/1200,/0/default.jpg",ne
page_images/page-0126.png,94,ΠΕΔΑΝΙΟΥ ΔΙΟΣΚΟΡΙΔΟΥ ΑΝΑΖΑΡΒΕΩΣ,94,ocr_normalized,71.80,false,iiif,126,"https://iiif.archive.org/image/iiif/3/b23982500_0001%2Fb23982500_0001_jp2.zip%2Fb23982500_0001_jp2%2Fb23982500_0001_0126.jp2/full/1200,/0/default.jpg",04 ΠΕΔΑΝΙΟῪ AIOZKOPLAOY ANAZAPBEQS
page_images/page-0127.png,95,ΠΕΡΙ ΥΛΗΣ ΙΑΤΡΙΚΗΣ ΒΙΒΛΙΟΝ Α.,95,ocr_normalized,66.66,false,iiif,127,"https://iiif.archive.org/image/iiif/3/b23982500_0001%2Fb23982500_0001_jp2.zip%2Fb23982500_0001_jp2%2Fb23982500_0001_0127.jp2/full/1200,/0/default.jpg",ΠΕΡῚ YAHS IATPIKHE BIBAION A. Q5
